{"yYUEwgF/drZfMFNHpIUzGg==":"logo2.png","lflNooczGfHM/4c0tX9oHQ==":"mbr-1920x1280.jpg","d4cr3HOoVCiDrdiKjqBJbw==":"mbr-1920x1357.jpg","EzbM0nAZ/sDpj32JhGonYQ==":"mbr-1-1920x1280.jpg","KfKXJRV8KxyGprCSpjQBiQ==":"mbr-1-1920x1357.jpg","LCjFFghzmjndOpw9KwH8EA==":"mbr-1920x1236.jpg","OCqm+i6DppXubaZp5LHmBg==":"mbr-1042x695.jpg","8Bno4MZ9AU2bQETH8Av+wg==":"logo2-1.png","jaK6J3WWfisf/XHwfxzRCA==":"mbr-1042x586.jpg","0F9vXBVeCulX4pBLMVq2jg==":"mbr-1042x1042.jpg","+m7m6hSLDjhJsv8EVRiKGw==":"bt-background-1280x605.png","kSb5FWvgMNMjTG007POgSw==":"nexus2cee_bt_logo-668x668.jpg"}